{
    "MSE": 2599929344.0,
    "RMSE": 50989.502292138524,
    "MAE": 49262.12109375,
    "R2": -14.040130615234375,
    "MAPE": 119932878848.0,
    "train_losses": [
        0.06793121993541718,
        0.05780627205967903,
        0.08175592496991158,
        0.07489100843667984,
        0.055760303512215614,
        0.04583100043237209,
        0.035805401392281055,
        0.028403034433722496,
        0.032794042490422726,
        0.03066435642540455,
        0.02788667380809784,
        0.01736531313508749,
        0.019954812712967396,
        0.022643511183559895,
        0.02090512588620186,
        0.016856784466654062,
        0.015130190178751945,
        0.01960797794163227,
        0.01881122589111328,
        0.015527886338531971,
        0.018490499816834927,
        0.01976910512894392,
        0.021044408902525902,
        0.016088638454675674,
        0.016319076530635357,
        0.016981654800474644,
        0.01314057968556881,
        0.013055333402007818,
        0.011245281668379903,
        0.017089185770601034,
        0.012552062049508095
    ],
    "val_losses": [
        0.05789049342274666,
        0.058599259704351425,
        0.05691670998930931,
        0.05484956130385399,
        0.053123485296964645,
        0.05146171525120735,
        0.04978371784090996,
        0.04772300645709038,
        0.04459324851632118,
        0.03983086720108986,
        0.03329284489154816,
        0.025479435920715332,
        0.01690611056983471,
        0.009597023949027061,
        0.005365564953535795,
        0.004873087164014578,
        0.007478087674826384,
        0.01138370856642723,
        0.014972970820963383,
        0.016539914533495903,
        0.016284311190247536,
        0.015392663888633251,
        0.014741930179297924,
        0.014108712784945965,
        0.013381379656493664,
        0.012851431965827942,
        0.012501440942287445,
        0.012219910509884357,
        0.011977932415902615,
        0.011635076254606247,
        0.011363974772393703
    ]
}