{
    "MSE": 3676999680.0,
    "RMSE": 60638.26910458444,
    "MAE": 59180.55078125,
    "R2": -20.41358757019043,
    "MAPE": 669630267392.0,
    "train_losses": [
        0.06945916637778282,
        0.06386299431324005,
        0.05722958967089653,
        0.03774284524843097,
        0.039868817664682865,
        0.03944152221083641,
        0.024473219178617,
        0.03325093351304531,
        0.03483161889016628,
        0.03252279292792082,
        0.029565912671387196,
        0.02171730063855648,
        0.022307702340185642,
        0.02157670259475708,
        0.0275579784065485,
        0.02037723269313574,
        0.02346245013177395,
        0.018953412771224976,
        0.014352826867252588,
        0.02638471405953169,
        0.018321014009416103,
        0.020115109160542488,
        0.016255025286227465,
        0.015336715616285801,
        0.014209212269634008,
        0.02120423223823309,
        0.018344287760555744,
        0.014275931287556887,
        0.02036005863919854,
        0.014894838910549879,
        0.014780146535485983,
        0.018856059294193983,
        0.01860329508781433,
        0.012478217482566833
    ],
    "val_losses": [
        0.0585237555205822,
        0.05826723575592041,
        0.056905683130025864,
        0.05670885369181633,
        0.05652124062180519,
        0.05594698712229729,
        0.054841119796037674,
        0.05329795554280281,
        0.051586586982011795,
        0.0492558628320694,
        0.046835049986839294,
        0.04385211691260338,
        0.03970753774046898,
        0.03382248058915138,
        0.02697640471160412,
        0.019945060834288597,
        0.01362681295722723,
        0.009527662768959999,
        0.0077013480477035046,
        0.007732914295047522,
        0.009237094782292843,
        0.011352550238370895,
        0.013272225856781006,
        0.015479001216590405,
        0.01814698427915573,
        0.019164927303791046,
        0.01999576762318611,
        0.020449647679924965,
        0.020133450627326965,
        0.018928557634353638,
        0.01764892414212227,
        0.016912037506699562,
        0.01601431518793106,
        0.015028532594442368
    ]
}