{
    "MSE": 3554843904.0,
    "RMSE": 59622.51172166433,
    "MAE": 58182.734375,
    "R2": -19.581298828125,
    "MAPE": 147395744.0,
    "train_losses": [
        0.09536796063184738,
        0.07304446026682854,
        0.08733256906270981,
        0.09364531189203262,
        0.08751532062888145,
        0.07251082360744476,
        0.07562075182795525,
        0.0639350675046444,
        0.07204905152320862,
        0.04782228823751211,
        0.06695841625332832,
        0.04873943328857422,
        0.049176352098584175,
        0.053530482575297356,
        0.036438051611185074,
        0.025495195761322975,
        0.02428069058805704,
        0.02653857320547104,
        0.019560500979423523,
        0.02010854985564947,
        0.022043974604457617,
        0.012032109778374434,
        0.025191904976963997,
        0.010811905842274427,
        0.013318587094545364,
        0.00954779121093452,
        0.01897851750254631,
        0.01282494142651558,
        0.009215775644406676,
        0.013423958327621222,
        0.011353677604347467,
        0.013374314177781343,
        0.008689809357747436,
        0.012097520288079977,
        0.0117672064807266,
        0.007085207151249051,
        0.009232541546225548
    ],
    "val_losses": [
        0.3192474842071533,
        0.3132716417312622,
        0.30649352073669434,
        0.29951468110084534,
        0.2919732630252838,
        0.28313812613487244,
        0.272358238697052,
        0.25706884264945984,
        0.2369193583726883,
        0.21276503801345825,
        0.18576449155807495,
        0.1555359810590744,
        0.1233832836151123,
        0.09252805262804031,
        0.0660744234919548,
        0.047063473612070084,
        0.035084161907434464,
        0.027924058958888054,
        0.023756669834256172,
        0.021289624273777008,
        0.019823173061013222,
        0.01908300258219242,
        0.019237155094742775,
        0.019842367619276047,
        0.020553769543766975,
        0.02129473350942135,
        0.02194795571267605,
        0.02236737497150898,
        0.022435588762164116,
        0.022381393238902092,
        0.02218576706945896,
        0.021899543702602386,
        0.02163430117070675,
        0.021356655284762383,
        0.021242616698145866,
        0.02114846371114254,
        0.02106412686407566
    ]
}