{
    "MSE": 3634966272.0,
    "RMSE": 60290.68146902969,
    "MAE": 58855.0234375,
    "R2": -20.02763557434082,
    "MAPE": 597754624.0,
    "train_losses": [
        0.08276081457734108,
        0.06824515387415886,
        0.06260678730905056,
        0.04943917691707611,
        0.04275705758482218,
        0.0598947461694479,
        0.03845067135989666,
        0.042281994596123695,
        0.0343260932713747,
        0.02620846126228571,
        0.023385259322822094,
        0.022048460319638252,
        0.03016962017863989,
        0.027079949155449867,
        0.022962180897593498,
        0.027834047563374043,
        0.022103462368249893,
        0.014618659391999245,
        0.013413315988145769,
        0.014434769283980131,
        0.01203987281769514,
        0.02061868365854025,
        0.014009406324476004,
        0.01632387889549136,
        0.019482096657156944,
        0.02178931888192892,
        0.015083807986229658,
        0.01651264587417245,
        0.0221437718719244,
        0.015497049316763878,
        0.014308433048427105,
        0.016369624994695187,
        0.017712821252644062,
        0.0172556322067976,
        0.018473222851753235,
        0.011007276363670826,
        0.013313964940607548
    ],
    "val_losses": [
        0.28971144556999207,
        0.22886288166046143,
        0.19342194497585297,
        0.15228687226772308,
        0.11796238273382187,
        0.10402479767799377,
        0.09218891710042953,
        0.07956980913877487,
        0.06789666414260864,
        0.05862671509385109,
        0.051338016986846924,
        0.04530903697013855,
        0.04125841334462166,
        0.039080455899238586,
        0.03744165226817131,
        0.035811882466077805,
        0.03436724841594696,
        0.03305827081203461,
        0.03177085891366005,
        0.030639037489891052,
        0.029840731993317604,
        0.029823996126651764,
        0.03037460707128048,
        0.031076474115252495,
        0.031457725912332535,
        0.031242525205016136,
        0.0313778854906559,
        0.032110244035720825,
        0.03293426334857941,
        0.033150672912597656,
        0.03234739974141121,
        0.03197954222559929,
        0.032022539526224136,
        0.03243207558989525,
        0.0326884388923645,
        0.03298284485936165,
        0.033042337745428085
    ]
}