{
    "MSE": 2420115712.0,
    "RMSE": 49194.671581381655,
    "MAE": 47218.9375,
    "R2": -12.99993896484375,
    "MAPE": 119202750464.0,
    "train_losses": [
        0.048016518354415894,
        0.032297976315021515,
        0.02723003551363945,
        0.026023375801742077,
        0.021155884489417076,
        0.015191643498837948,
        0.019574610516428947,
        0.015697040129452944,
        0.010100847342982888,
        0.018303167074918747,
        0.011509826872497797,
        0.009643876925110817,
        0.00917379790917039,
        0.008158484008163214,
        0.008860961068421602,
        0.004762821365147829,
        0.011156919645145535,
        0.0054293181747198105,
        0.0043180594220757484,
        0.003677840461023152,
        0.0034108005929738283,
        0.005575212650001049,
        0.004643165972083807,
        0.004960188758559525,
        0.0068465693620964885,
        0.004262534668669105,
        0.0043443439062684774,
        0.0052399070700630546,
        0.004270926816388965,
        0.0045426408760249615,
        0.004825106123462319,
        0.00250568229239434,
        0.0038412633584812284,
        0.003927969024516642,
        0.002114520553732291,
        0.004378349520266056,
        0.001834545866586268,
        0.005392402410507202,
        0.003081069327890873,
        0.004099414101801813,
        0.00543764210306108,
        0.0016594815533608198,
        0.0036509346682578325,
        0.005035519716329873,
        0.003192245843820274,
        0.004752265522256494,
        0.003662420029286295,
        0.0042995610274374485,
        0.0019894693978130817,
        0.002207329962402582,
        0.0023943614796735346,
        0.0032018428901210427,
        0.004174664267338812,
        0.0024360588286072016,
        0.0023581639397889376,
        0.0026623301673680544,
        0.0025251456536352634,
        0.002150452113710344,
        0.002327365684323013,
        0.0030265962122939527,
        0.001578566458192654,
        0.0016273285145871341,
        0.0015888591296970844,
        0.0027797360671684146,
        0.002421490498818457,
        0.0026693217223510146,
        0.0021824872819706798,
        0.0030678114853799343,
        0.0015472446684725583,
        0.002324409200809896
    ],
    "val_losses": [
        0.06149062514305115,
        0.04365795850753784,
        0.030337335541844368,
        0.024069443345069885,
        0.01853855699300766,
        0.014939948916435242,
        0.012972344644367695,
        0.01188965979963541,
        0.0118626169860363,
        0.013468011282384396,
        0.015330784022808075,
        0.015897652134299278,
        0.014274351298809052,
        0.012036360800266266,
        0.010419200174510479,
        0.009587579406797886,
        0.00905284658074379,
        0.008775054477155209,
        0.00880306214094162,
        0.008451256901025772,
        0.008153540082275867,
        0.007366509642452002,
        0.007178969215601683,
        0.007429013028740883,
        0.006987919565290213,
        0.007339252158999443,
        0.007924900390207767,
        0.00873559433966875,
        0.010196851566433907,
        0.011287983506917953,
        0.011555221863090992,
        0.01131574809551239,
        0.010957763530313969,
        0.010146192274987698,
        0.009185707196593285,
        0.008522052317857742,
        0.007706896867603064,
        0.007242957595735788,
        0.0069478838704526424,
        0.0069172438234090805,
        0.007034264039248228,
        0.007177861873060465,
        0.007210120093077421,
        0.007113898638635874,
        0.006978028919547796,
        0.00691866734996438,
        0.006958120968192816,
        0.007030602544546127,
        0.007056121248751879,
        0.007026169449090958,
        0.006954094395041466,
        0.006844694260507822,
        0.006698488723486662,
        0.006586145143955946,
        0.006558339577168226,
        0.006626470480114222,
        0.006738357245922089,
        0.0068626683205366135,
        0.006956478580832481,
        0.007006434723734856,
        0.007070743944495916,
        0.007094593718647957,
        0.007084462326020002,
        0.007070240098983049,
        0.007059428375214338,
        0.007033472880721092,
        0.006998882163316011,
        0.00697476277127862,
        0.006945404689759016,
        0.006909772753715515
    ]
}