{
    "MSE": 2248585472.0,
    "RMSE": 47419.2521240055,
    "MAE": 45307.98828125,
    "R2": -12.018519401550293,
    "MAPE": 231947649024.0,
    "train_losses": [
        0.054284664802253246,
        0.05298363044857979,
        0.050498079508543015,
        0.02405152376741171,
        0.032771021127700806,
        0.021242108196020126,
        0.022847826592624187,
        0.015980445314198732,
        0.021885903552174568,
        0.03015561867505312,
        0.023109253495931625,
        0.030861438252031803,
        0.018574035726487637,
        0.02271673083305359,
        0.021768899634480476,
        0.019668689463287592,
        0.01860104128718376,
        0.02266764733940363,
        0.020363954827189445,
        0.027409006841480732
    ],
    "val_losses": [
        0.050725702196359634,
        0.04001203179359436,
        0.021351074799895287,
        0.01433027908205986,
        0.012342196889221668,
        0.012426515109837055,
        0.014674690552055836,
        0.01626157946884632,
        0.017884613946080208,
        0.016613205894827843,
        0.014584112912416458,
        0.014566530473530293,
        0.015110195614397526,
        0.015927528962492943,
        0.015935560688376427,
        0.015535003505647182,
        0.015001821331679821,
        0.014720196835696697,
        0.014508639462292194,
        0.014459147118031979
    ]
}